<?xml version="1.0"?>
<opencv_storage>
<stage4>
  <maxWeakCount>18</maxWeakCount>
  <stageThreshold>-1.4416071176528931e+00</stageThreshold>
  <weakClassifiers>
    <_>
      <internalNodes>
        0 -1 1084 -1.3405440840870142e-03</internalNodes>
      <leafValues>
        3.9764359593391418e-02 -6.7292225360870361e-01</leafValues></_>
    <_>
      <internalNodes>
        0 -1 83341 -3.4622281789779663e-02</internalNodes>
      <leafValues>
        3.2809934020042419e-01 -2.9531547427177429e-01</leafValues></_>
    <_>
      <internalNodes>
        0 -1 155234 -8.8495798408985138e-03</internalNodes>
      <leafValues>
        -5.9043568372726440e-01 1.5338580310344696e-01</leafValues></_>
    <_>
      <internalNodes>
        0 -1 1103 5.2174329757690430e-01</internalNodes>
      <leafValues>
        1.1560901999473572e-01 -8.3397710323333740e-01</leafValues></_>
    <_>
      <internalNodes>
        0 -1 161506 1.3106226921081543e-02</internalNodes>
      <leafValues>
        -1.4335598051548004e-01 5.2077525854110718e-01</leafValues></_>
    <_>
      <internalNodes>
        0 -1 53 -2.6681531220674515e-02</internalNodes>
      <leafValues>
        -6.3421899080276489e-01 1.1433419585227966e-01</leafValues></_>
    <_>
      <internalNodes>
        0 -1 80748 -2.1657235920429230e-02</internalNodes>
      <leafValues>
        -8.5031384229660034e-01 4.6839982271194458e-02</leafValues></_>
    <_>
      <internalNodes>
        0 -1 91765 3.3681418746709824e-02</internalNodes>
      <leafValues>
        -8.1473119556903839e-02 7.8941977024078369e-01</leafValues></_>
    <_>
      <internalNodes>
        0 -1 2197 -9.1907510068267584e-05</internalNodes>
      <leafValues>
        2.3962302505970001e-01 -2.7389097213745117e-01</leafValues></_>
    <_>
      <internalNodes>
        0 -1 118977 -2.3541638802271336e-04</internalNodes>
      <leafValues>
        -4.5133668184280396e-01 1.4316579699516296e-01</leafValues></_>
    <_>
      <internalNodes>
        0 -1 121751 3.5084046423435211e-02</internalNodes>
      <leafValues>
        -1.8653365969657898e-01 3.4716925024986267e-01</leafValues></_>
    <_>
      <internalNodes>
        0 -1 88733 -2.2623112425208092e-02</internalNodes>
      <leafValues>
        4.1575649380683899e-01 -1.4160193502902985e-01</leafValues></_>
    <_>
      <internalNodes>
        0 -1 159732 3.3702977816574275e-04</internalNodes>
      <leafValues>
        1.2262102961540222e-01 -4.9242278933525085e-01</leafValues></_>
    <_>
      <internalNodes>
        0 -1 161240 6.7202735226601362e-04</internalNodes>
      <leafValues>
        1.0110839456319809e-01 -5.2406609058380127e-01</leafValues></_>
    <_>
      <internalNodes>
        0 -1 136011 -4.8779964447021484e-02</internalNodes>
      <leafValues>
        5.0387132167816162e-01 -1.4311778545379639e-01</leafValues></_>
    <_>
      <internalNodes>
        0 -1 150402 -3.3524729311466217e-02</internalNodes>
      <leafValues>
        8.0673265457153320e-01 -6.2279388308525085e-02</leafValues></_>
    <_>
      <internalNodes>
        0 -1 129349 -2.0320439338684082e-01</internalNodes>
      <leafValues>
        -2.0467896759510040e-01 2.8699526190757751e-01</leafValues></_>
    <_>
      <internalNodes>
        0 -1 162112 1.1364634148776531e-02</internalNodes>
      <leafValues>
        7.8158758580684662e-02 -6.9948840141296387e-01</leafValues></_></weakClassifiers></stage4>
</opencv_storage>
